transmittance,
X,Y
8.99822563559322,0.6746887816646562
9.013148834745763,0.6671145958986731
9.026650776836158,0.6632303980699638
9.040863347457627,0.6601230398069964
9.067867231638418,0.6662406513872134
9.087764830508474,0.6746887816646562
9.097713629943502,0.6933329312424608
9.096292372881356,0.6857587454764776
9.096292372881356,0.6802237635705669
9.104819915254238,0.7143075995174909
9.104819915254238,0.708481302774427
9.104819915254238,0.7026550060313631
9.124717514124294,0.7377098914354644
9.123296257062147,0.730232810615199
9.123296257062147,0.724794933655006
9.109083686440677,0.7201338962605548
9.151721398305085,0.7306212303980699
9.151721398305085,0.724794933655006
9.155985169491526,0.7178033775633292
9.165365466101694,0.7110448733413751
9.170481991525424,0.7041698431845597
9.168776483050847,0.6997418576598311
9.204592161016949,0.7181529553679131
9.22278425141243,0.722270205066345
9.24552436440678,0.7129966827503016
9.2583156779661,0.7061507840772014
9.266843220338982,0.7003244873341374
9.266843220338982,0.6944981905910735
9.275370762711864,0.6869240048250904
9.275370762711864,0.6810977080820265
9.275370762711864,0.6755627261761158
9.285319562146892,0.6673088057901085
9.283898305084746,0.6604143546441495
9.293847104519774,0.6533256936067551
9.312039194915254,0.6439259348612786
9.325683262711864,0.63949794933655
9.343591101694916,0.6304089264173702
9.343591101694916,0.6245826296743063
9.343591101694916,0.6187563329312424
9.343591101694916,0.6132213510253317
9.352118644067797,0.604773220747889
9.352118644067797,0.5989469240048251
9.352118644067797,0.5931206272617611
9.352118644067797,0.5875856453558503
9.360646186440677,0.5791375150784077
9.360646186440677,0.5733112183353437
9.360646186440677,0.5674849215922798
9.360646186440677,0.5616586248492159
9.35922492937853,0.5548612786489746
9.364909957627118,0.5488407720144752
9.369173728813559,0.5406839565741857
9.369173728813559,0.5348576598311219
9.369173728813559,0.5290313630880579
9.369173728813559,0.5232050663449939
9.369173728813559,0.5173787696019301
9.369173728813559,0.5115524728588661
9.364909957627118,0.5086393244873342
9.3734375,0.5033956574185765
9.37770127118644,0.49523884197828705
9.37770127118644,0.48941254523522315
9.37770127118644,0.4835862484921592
9.37770127118644,0.47775995174909525
9.37770127118644,0.47193365500603135
9.37770127118644,0.4661073582629674
9.3734375,0.46319420989143545
9.381965042372881,0.4579505428226779
9.386228813559322,0.4497937273823884
9.386228813559322,0.4439674306393245
9.386228813559322,0.4381411338962605
9.386228813559322,0.4323148371531966
9.386228813559322,0.4264885404101327
9.381965042372881,0.4235753920386007
9.390492584745763,0.41833172496984317
9.394756355932204,0.41134016887816643
9.394756355932204,0.4055138721351025
9.394756355932204,0.3996875753920386
9.394756355932204,0.39386127864897463
9.394756355932204,0.3880349819059107
9.399020127118643,0.381043425814234
9.403283898305084,0.37521712907117005
9.403283898305084,0.3693908323281061
9.403283898305084,0.3635645355850422
9.403283898305084,0.35773823884197825
9.403283898305084,0.3522032569360675
9.407547669491525,0.3460856453558504
9.411811440677965,0.34025934861278645
9.411811440677965,0.3344330518697225
9.410390183615819,0.3270530759951749
9.416075211864406,0.32278045838359465
9.420338983050847,0.3152062726176115
9.420338983050847,0.30937997587454763
9.420338983050847,0.3035536791314837
9.4189177259887,0.29714475271411334
9.428866525423729,0.28840530759951744
9.428866525423729,0.28257901085645354
9.428866525423729,0.27675271411338964
9.427445268361582,0.2703437876960193
9.43739406779661,0.26218697225572973
9.435972810734462,0.25519541616405306
9.445921610169492,0.24762123039806994
9.445921610169492,0.24179493365500604
9.445921610169492,0.2362599517490953
9.45587040960452,0.22722919179734613
9.450185381355933,0.22315078407720146
9.461555437853107,0.21635343787696015
9.470082980225989,0.20936188178528348
9.496477754237288,0.20234258142340167
9.515563206214688,0.222568154402895
9.515563206214688,0.21363449939686363
9.509878177966101,0.20975030156815433
9.522669491525424,0.23771652593486126
9.52409074858757,0.23072496984318447
9.532618290960452,0.27383956574185764
9.531197033898305,0.2662653799758745
9.531197033898305,0.2604390832328106
9.531197033898305,0.2546127864897466
9.532618290960452,0.24742702050663445
9.526933262711864,0.24354282267792515
9.539724576271187,0.31811942098914353
9.539724576271187,0.3122931242460796
9.539724576271187,0.3064668275030156
9.539724576271187,0.30064053075995173
9.539724576271187,0.2948142340168878
9.539724576271187,0.2889879372738239
9.535460805084746,0.2831616405307599
9.549673375706215,0.3651182147165259
9.548252118644067,0.35773823884197825
9.548252118644067,0.3519119420989143
9.548252118644067,0.3460856453558504
9.548252118644067,0.34025934861278645
9.548252118644067,0.3347243667068757
9.543988347457628,0.3297720144752714
9.543988347457628,0.3239457177322074
9.569570974576271,0.3971628468033775
9.566728460451976,0.38920024125452346
9.566728460451976,0.38337394451145956
9.566728460451976,0.3787129071170084
9.552515889830508,0.3740518697225573
9.575662076271186,0.4179155609167672
9.572413488700565,0.41017490952955366
9.578098516949153,0.40386308805790105
9.578098516949153,0.4410542822677925
9.578098516949153,0.4342569360675513
9.578098516949153,0.42843063932448733
9.569570974576271,0.42532328106151984
9.595153601694914,0.3961917973462002
9.595153601694914,0.3903655006031363
9.595153601694914,0.38453920386007234
9.595153601694914,0.3787129071170084
9.595153601694914,0.3728866103739445
9.599417372881355,0.36589505428226776
9.599417372881355,0.3600687575392038
9.599417372881355,0.3542424607961399
9.599417372881355,0.34841616405307596
9.597996115819209,0.34181302774427014
9.603681144067796,0.33559831121833533
9.607944915254237,0.329189384800965
9.607944915254237,0.32336308805790104
9.607944915254237,0.31753679131483714
9.60652365819209,0.31035102533172493
9.612208686440677,0.30530156815440285
9.616472457627118,0.2977273823884197
9.616472457627118,0.29190108564535583
9.616472457627118,0.2860747889022919
9.616472457627118,0.280248492159228
9.626421257062146,0.27461640530759945
9.639212570621469,0.2662653799758745
9.62926377118644,0.25907961399276236
9.62926377118644,0.25344752714113383
9.625,0.24907780458383588
9.660531426553671,0.285686369119421
9.654846398305084,0.2808311218335343
9.654846398305084,0.2750048250904704
9.678723516949152,0.3016892641737032
9.667637711864407,0.293648974668275
9.700326624293785,0.3023884197828709
9.727330508474576,0.30588419782870924
9.737279307909604,0.31559469240048243
9.748649364406779,0.32467400482509046
9.75717690677966,0.33249095295536785
9.765704449152542,0.33909408926417367
9.774231991525424,0.34530880579010853
9.799814618644067,0.3513293124246079
9.81260593220339,0.35832086851628464
9.822554731638418,0.36589505428226776
9.8310822740113,0.37638238841978283
9.839609816384181,0.38434499396863686
9.833924788135594,0.3699734620024125
9.850979872881355,0.3977940289505428
9.842452330508474,0.3915307599517491
9.859507415254237,0.40706755126658617
9.865192443502824,0.4148359469240048
9.873719985875706,0.4226043425814234
9.88509004237288,0.4378498190591073
9.880826271186441,0.43027563329312424
9.89077507062147,0.44668636911942095
9.89930261299435,0.4676610373944511
9.897881355932203,0.46028106151990344
9.897881355932203,0.4553287092882991
9.90783015536723,0.4886357056694812
9.906408898305084,0.48125572979493364
9.906408898305084,0.4763033775633293
9.916357697740112,0.5080566948130277
9.914936440677966,0.5010651387213509
9.910672669491525,0.4975693606755126
9.923463983050848,0.5278661037394451
9.924885240112994,0.5204861278648973
9.919200211864407,0.5162135102533172
9.933412782485876,0.5465102533172497
9.933412782485876,0.5375765983112183
9.927727754237289,0.533692400482509
9.94478283898305,0.5636978287092883
9.94051906779661,0.5552496984318456
9.950467867231637,0.5725343787696019
9.958995409604519,0.5818564535585042
9.9675229519774,0.5907901085645355
9.978893008474575,0.6005491556091677
9.987420550847457,0.6090458383594692
9.995948093220338,0.621475271411339
9.991684322033898,0.6140952955367913
10.001633121468926,0.6319626055488541
9.995948093220338,0.6257478890229191
10.010160663841807,0.6405078407720144
10.018688206214689,0.6544909529553679
10.017266949152543,0.6481791314837153
10.02721574858757,0.6684740651387213
10.025794491525424,0.6621622436670687
10.035743290960452,0.6840108564535585
10.034322033898306,0.6767279855247286
10.044270833333332,0.6937213510253317
10.055640889830508,0.704111580217129
10.06416843220339,0.7140162846803377
10.081223516949152,0.7229013872135103
10.095436087570622,0.7294559710494571
10.12386122881356,0.7357483715319661
10.157971398305085,0.7306212303980699
10.179290254237287,0.7250862484921592
10.189239053672317,0.7185802171290712
10.197766596045199,0.7104234016887816
10.206294138418079,0.7022665862484921
10.21482168079096,0.6929445114595898
10.213400423728814,0.6857587454764776
10.221927966101696,0.6781845597104945
10.220506709039547,0.6711930036188178
10.230455508474575,0.6642014475271412
10.230455508474575,0.6583751507840772
10.230455508474575,0.6525488540410133
10.240404307909603,0.6451688781664656
10.262433792372882,0.636890681544029
10.25603813559322,0.6304089264173702
10.283752648305084,0.6464312424607961
10.291569562146893,0.6556562123039806
10.300097104519773,0.6692509047044631
10.298675847457627,0.6630361881785283
10.308624646892655,0.6781845597104945
10.319994703389831,0.6875066344993969
10.324258474576272,0.6944981905910735
10.3342072740113,0.7016839565741857
10.354104872881356,0.7125597104945718
10.345577330508474,0.705568154402895
10.358368644067797,0.7183860072376357
10.366896186440677,0.724794933655006
10.391057556497175,0.7314951749095295
10.418061440677967,0.7259601930036188
10.413797669491526,0.7230470446320868
10.4251677259887,0.7166381182147165
10.433695268361582,0.7096465621230398
10.442222810734464,0.7014897466827503
10.450750353107345,0.6933329312424608
10.459277895480225,0.6853703256936068
10.479175494350283,0.676922195416164
10.496230579096045,0.6733293124246079
10.516128177966102,0.6711930036188178
10.520391949152543,0.6653667068757538
10.528919491525423,0.6583751507840772
10.538868290960451,0.6513835946924005
10.550238347457627,0.6445862484921592
10.550238347457627,0.6389541616405308
10.54853283898305,0.6325063932448733
10.572978460451978,0.6579867310012062
10.567293432203389,0.653714113389626
10.580084745762711,0.6711930036188178
10.580084745762711,0.6656580217129071
10.588612288135593,0.6828455971049456
10.588612288135593,0.6773106151990349
10.601403601694916,0.6908082026537997
10.626986228813559,0.6969743667068757
10.644041313559322,0.704111580217129
10.658253884180791,0.7108118214716526
10.686679025423729,0.7173372738238841
10.720789194915254,0.7174149577804584
10.746371822033899,0.7108118214716526
10.754899364406779,0.7051797346200241
10.76911193502825,0.6977997587454764
10.77763947740113,0.689254523522316
10.784745762711864,0.678767189384801
10.794694562146892,0.6696393244873341
10.793273305084746,0.6627448733413751
10.803222104519774,0.653714113389626
10.80037959039548,0.6463341375150784
10.811749646892656,0.637400482509047
10.808907132768361,0.6300205066344994
10.835058262711865,0.6235338962605549
10.835911016949153,0.6172997587454765
10.835911016949153,0.6126387213510253
10.854387358757062,0.6311857659831122
10.862914901129944,0.6432267792521109
10.857229872881355,0.6385657418576598
10.871442443502826,0.6568214716525935
10.870021186440677,0.650800965018094
10.879969985875707,0.6715814234016888
10.87854872881356,0.6647840772014475
10.891340042372882,0.6824086248492159
10.916922669491525,0.6890214716525934
10.94250529661017,0.6806607358262967
10.95529661016949,0.6723582629674306
10.963824152542372,0.6647840772014475
10.963824152542372,0.6589577804583836
10.963824152542372,0.6531314837153196
10.972351694915254,0.6449746682750301
10.970930437853108,0.637788902291918
10.976615466101695,0.6327394451145959
10.980879237288136,0.6263305186972256
10.979457980225988,0.6191447527141134
10.999355579096045,0.6125416164053076
10.995802436440677,0.6060841375150784
11.006461864406779,0.5995295536791314
11.006461864406779,0.5925379975874547
11.005040607344633,0.5861290711700844
11.01072563559322,0.582633293124246
11.032044491525424,0.6280784077201447
11.03346574858757,0.6208926417370325
11.027780720338983,0.6164258142340169
11.027780720338983,0.6105995174909529
11.027780720338983,0.6053558504221954
11.041993290960452,0.6443920386007237
11.040572033898306,0.6379831121833535
11.036308262711865,0.6339047044632087
11.050520833333334,0.6630361881785283
11.049099576271185,0.6563359469240048
11.044835805084745,0.6525488540410133
11.059048375706215,0.6760482509047044
11.053363347457626,0.6711930036188178
11.067575918079097,0.6842050663449939
11.086052259887005,0.6939155609167672
11.11589865819209,0.6908082026537997
11.138638771186441,0.6845934861278649
11.177865466101695,0.6836612786489746
11.192646539548022,0.6743003618817852
11.20259533898305,0.6688624849215923
11.20259533898305,0.6630361881785283
11.211122881355932,0.6560446320868516
11.211122881355932,0.6502183353437877
11.211122881355932,0.6446833534378769
11.219650423728813,0.637400482509047
11.218229166666667,0.6304089264173702
11.228177966101695,0.6234173703256936
11.228177966101695,0.6175910735826297
11.226756709039549,0.6113763570566948
11.236705508474575,0.6036079613992762
11.235284251412429,0.596422195416164
11.240969279661016,0.5919553679131484
11.245233050847457,0.5861290711700844
11.24381179378531,0.5787490952955368
11.266551906779661,0.5721459589867309
11.253760593220338,0.5689414957780459
11.275079449152543,0.5631568154402895
11.275079449152543,0.5587454764776839
11.297819562146893,0.5768069963811822
11.292134533898306,0.5721459589867309
11.304925847457627,0.5837985524728588
11.31771716101695,0.590984318455971
11.32624470338983,0.5970048250904705
11.3404572740113,0.6024427020506634
11.364618644067797,0.6094342581423402
11.377409957627119,0.6160373944511459
11.38167372881356,0.6216694813027743
11.39446504237288,0.6302632689987937
11.402992584745762,0.6400223160434257
11.421468926553672,0.6498299155609167
11.420047669491526,0.657355548854041
11.445630296610169,0.6467225572979494
11.44989406779661,0.6391483715319661
11.44989406779661,0.6333220747889022
11.44989406779661,0.6274957780458383
11.458421610169491,0.6199215922798552
11.457000353107345,0.6127358262967431
11.485425494350283,0.6078805790108563
11.476329449152542,0.6001121833534379
11.479740466101696,0.5962279855247286
11.518114406779661,0.6245826296743063
11.524083686440678,0.6161927623642943
11.522378177966102,0.6105995174909529
11.522378177966102,0.6056471652593486
11.571837923728813,0.6075698431845596
11.562173375706214,0.5988498190591073
11.562884004237288,0.591372738238842
11.56927966101695,0.5875856453558503
11.590598516949152,0.6237086851628468
11.586334745762713,0.6164258142340169
11.599126059322034,0.6327394451145959
11.619835805084746,0.639065138721351
11.611917372881356,0.6443920386007237
11.64176377118644,0.6350699638118215
11.646027542372881,0.6292436670687576
11.653133827683614,0.6216694813027743
11.663082627118644,0.6158431845597104
11.663082627118644,0.6100168878166465
11.661661370056496,0.6028311218335344
11.671610169491526,0.5986556091676718
11.671610169491526,0.5919553679131484
11.671610169491526,0.5861290711700844
11.671610169491526,0.5803027744270205
11.671610169491526,0.5747677925211098
11.675873940677967,0.5686501809408926
11.680137711864408,0.5628238841978287
11.680137711864408,0.5569975874547648
11.680137711864408,0.5511712907117008
11.680137711864408,0.5456363088057901
11.684401483050848,0.539518697225573
11.688665254237288,0.533692400482509
11.688665254237288,0.5278661037394451
11.688665254237288,0.5220398069963812
11.688665254237288,0.5162135102533172
11.688665254237288,0.5103872135102533
11.692929025423728,0.5045609167671894
11.69719279661017,0.4969867310012062
11.69719279661017,0.4911604342581423
11.69719279661017,0.48533413751507837
11.69719279661017,0.4795078407720144
11.69719279661017,0.4736815440289505
11.69719279661017,0.46785524728588657
11.70145656779661,0.46028106151990344
11.70572033898305,0.45445476477683955
11.70572033898305,0.4486284680337756
11.70572033898305,0.44280217129071164
11.70572033898305,0.43697587454764775
11.704299081920905,0.42979010856453553
11.732724223163842,0.4264885404101327
11.727039194915253,0.4177490952955368
11.727039194915253,0.4119227985524728
11.73313029661017,0.4037659831121833
11.731302966101694,0.3956091676718938
11.748358050847457,0.4474632086851628
11.748358050847457,0.44163691194209886
11.748358050847457,0.43581061519903497
11.758306850282485,0.47620627261761156
11.756885593220339,0.46902050663449935
11.756885593220339,0.46319420989143545
11.756885593220339,0.4582418576598311
11.752621822033898,0.45328950542822677
11.752621822033898,0.429984318455971
11.766834392655367,0.5084451145958986
11.76541313559322,0.5010651387213509
11.76541313559322,0.49523884197828705
11.76541313559322,0.4897038600723763
11.76114936440678,0.484751507840772
11.773940677966102,0.5406839565741857
11.773940677966102,0.5348576598311219
11.773940677966102,0.5290313630880579
11.775361935028249,0.5218455971049457
11.769676906779662,0.5173787696019301
11.78388947740113,0.5686501809408926
11.782468220338982,0.5616586248492159
11.782468220338982,0.5558323281061519
11.778204449152543,0.5523365500603136
11.778204449152543,0.5465102533172497
11.79241701977401,0.588071170084439
11.790995762711864,0.5808854041013268
11.786731991525423,0.5768069963811822
11.800944562146892,0.6078805790108563
11.799523305084746,0.6006948130277443
11.795259533898305,0.5966164053075995
11.808050847457627,0.6222521109770808
11.808050847457627,0.61671712907117
11.832212217514124,0.6289523522316043
11.82936970338983,0.6354583835946923
11.854952330508475,0.6199215922798552
11.859216101694916,0.6117647768395658
11.859216101694916,0.6059384800965018
11.863479872881356,0.6001121833534379
11.867743644067797,0.5931206272617611
11.867743644067797,0.5872943305186972
11.867743644067797,0.5814680337756333
11.867743644067797,0.5759330518697225
11.876271186440679,0.5680675512665863
11.876271186440679,0.5622412545235222
11.87484992937853,0.5550554885404101
11.880534957627118,0.550006031363088
11.894747528248587,0.5426260554885404
11.89119438559322,0.5363142340168878
11.909528601694916,0.5301966224366707
11.900432556497176,0.5235934861278648
11.901853813559322,0.5185440289505427
11.904412076271186,0.510270687575392
11.906117584745763,0.5051435464414957
11.927436440677965,0.5569975874547648
11.928857697740114,0.5498118214716525
11.923172669491525,0.5453449939686369
11.923172669491525,0.539518697225573
11.937385240112995,0.5756417370325693
11.937385240112995,0.566708082026538
11.931700211864406,0.5628238841978287
11.944491525423729,0.5907901085645355
11.945912782485877,0.5836043425814234
11.957282838983051,0.6036079613992762
11.94875529661017,0.5966164053075995
11.974337923728815,0.6111821471652593
11.988550494350282,0.6181737032569361
12.018396892655367,0.6225434258142339
12.03118820621469,0.6135126658624849
12.038294491525424,0.603316646562123
12.046822033898305,0.5937032569360675
12.045400776836157,0.5869059107358263
12.055349576271187,0.5779722557297949
12.055349576271187,0.5721459589867309
12.055349576271187,0.566319662243667
12.055349576271187,0.5604933655006031
12.063877118644069,0.5517539203860072
12.063877118644069,0.5459276236429433
12.06245586158192,0.5389360675512666
12.06814088983051,0.533692400482509
12.07240466101695,0.5278661037394451
12.07240466101695,0.5220398069963812
12.07240466101695,0.5165048250904705
12.093723516949153,0.5103872135102533
12.09542902542373,0.503978287092883
12.097987288135593,0.49873462002412544
12.116463629943503,0.5224282267792522
12.115042372881355,0.5162135102533172
12.123569915254237,0.5371881785283474
12.124991172316385,0.5301966224366707
12.132097457627118,0.5546670687575392
12.133518714689266,0.547481302774427
12.127833686440677,0.5430144752714113
12.140625,0.5721459589867309
12.142046257062148,0.5649601930036188
12.13636122881356,0.5604933655006031
12.150573799435028,0.5841869722557298
12.14488877118644,0.5779722557297949
12.15910134180791,0.593509047044632
12.175587923728813,0.6039575392038601
12.196054025423729,0.606229794933655
12.215951624293785,0.599335343787696
12.225900423728813,0.5919553679131484
12.225900423728813,0.5861290711700844
12.225900423728813,0.5805940892641737
12.234427966101695,0.5733112183353437
12.233006709039547,0.5659312424607961
12.238691737288136,0.5616586248492159
12.242955508474576,0.5552496984318456
12.242955508474576,0.5494234016887816
12.241534251412428,0.5424318455971049
12.247219279661017,0.5371881785283474
12.251483050847458,0.5301966224366707
12.251483050847458,0.5243703256936068
12.251483050847458,0.5185440289505427
12.251483050847458,0.5127177322074788
12.251483050847458,0.506891435464415
12.26001059322034,0.4975693606755126
12.26001059322034,0.4917430639324487
12.26001059322034,0.48591676718938476
12.26001059322034,0.48009047044632086
12.258589336158192,0.4736815440289505
12.28701447740113,0.4664957780458383
12.278486935028248,0.4595042219541616
12.27791843220339,0.4524738238841978
12.28303495762712,0.4461814234016887
12.291988877118644,0.4393063932448733
12.302648305084745,0.48125572979493364
12.302648305084745,0.4754294330518697
12.312597104519774,0.5092219541616405
12.311175847457626,0.5022303980699638
12.311175847457626,0.4964041013268998
12.311175847457626,0.4917430639324487
12.306912076271185,0.48708202653799754
12.306912076271185,0.46960313630880574
12.306912076271185,0.46377683956574184
12.335905720338982,0.5229720144752714
12.335337217514125,0.5162135102533172
12.335905720338982,0.530313148371532
12.341022245762712,0.5348576598311219
12.353813559322035,0.5074740651387213
12.353813559322035,0.5016477683956574
12.352392302259886,0.49446200241254523
12.358077330508475,0.48941254523522315
12.362341101694916,0.4824209891435464
12.362341101694916,0.47659469240048247
12.360919844632768,0.46960313630880574
12.36944738700565,0.4614463208685162
12.379396186440678,0.45387213510253316
12.379396186440678,0.44833715319662243
12.395598516949153,0.4403551266586248
12.41492761299435,0.43250904704463206
12.422033898305084,0.4235753920386007
12.422033898305084,0.4177490952955368
12.422033898305084,0.41221411338962605
12.430561440677966,0.4043486127864897
12.430561440677966,0.39852231604342575
12.430561440677966,0.39269601930036185
12.45081435381356,0.383228287092883
12.485990466101695,0.3909481302774427
12.485990466101695,0.38415078407720143
12.491675494350282,0.37521712907117005
12.490254237288136,0.3682255729794933
12.485990466101695,0.3653124246079614
12.494518008474575,0.3600687575392038
12.498781779661016,0.3524945717732207
12.498781779661016,0.3466682750301568
12.498781779661016,0.34084197828709284
12.498781779661016,0.3350156815440289
12.498781779661016,0.329189384800965
12.498781779661016,0.32365440289505426
12.507309322033898,0.31404101326899875
12.507309322033898,0.30821471652593485
12.507309322033898,0.3023884197828709
12.507309322033898,0.29656212303980695
12.507309322033898,0.290735826296743
12.507309322033898,0.28520084439083226
12.51583686440678,0.27558745476477675
12.51583686440678,0.26976115802171285
12.51583686440678,0.26393486127864896
12.51583686440678,0.25810856453558495
12.514415607344633,0.25131121833534376
12.52010063559322,0.24470808202653793
12.524364406779661,0.23771652593486126
12.524364406779661,0.23189022919179736
12.524364406779661,0.22606393244873335
12.524364406779661,0.22023763570566945
12.522943149717515,0.21344028950542826
12.545683262711865,0.20741978287092877
12.545683262711865,0.19984559710494565
12.549094279661016,0.1934366706875753
12.541419491525424,0.18775603136308805
12.537155720338983,0.18333775633293126
12.567002118644067,0.21324607961399267
12.576950918079095,0.23189022919179736
12.576950918079095,0.22295657418576598
12.571265889830508,0.21907237635705668
12.571265889830508,0.20741978287092877
12.571265889830508,0.20198190591073573
12.585478460451977,0.24665018094089264
12.58405720338983,0.24004704463208681
12.594006002824859,0.2614101326899879
12.59258474576271,0.2546127864897466
12.60253354519774,0.27578166465621223
12.601112288135592,0.2694698431845597
12.611061087570622,0.2948142340168878
12.609639830508474,0.2878226779252111
12.609639830508474,0.2831616405307599
12.619588629943504,0.3192846803377563
12.618167372881356,0.3122931242460796
12.618167372881356,0.30734077201447524
12.613903601694915,0.3029710494571773
12.628116172316384,0.3437551266586248
12.626694915254237,0.3367635705669481
12.626694915254237,0.33151990349819055
12.622431144067797,0.3274414957780458
12.636643714689265,0.3822086851628468
12.635222457627119,0.37463449939686366
12.635222457627119,0.3688082026537997
12.635222457627119,0.3629819059107358
12.635222457627119,0.35715560916767186
12.630958686440678,0.3519119420989143
12.645171257062145,0.4218275030156815
12.64375,0.4142533172496984
12.64375,0.4084270205066345
12.64375,0.40260072376357053
12.64375,0.3967744270205066
12.63948622881356,0.3915307599517491
12.653698799435027,0.4614463208685162
12.652277542372882,0.45387213510253316
12.652277542372882,0.4480458383594692
12.652277542372882,0.44221954161640525
12.652277542372882,0.43639324487334136
12.648013771186442,0.4311495778045838
12.662226341807909,0.4835862484921592
12.660805084745764,0.4760120627261761
12.660805084745764,0.47047708082026535
12.683545197740113,0.5041724969843184
12.679281426553672,0.495627261761158
12.679281426553672,0.4913546441495778
12.682123940677966,0.5224282267792522
12.682123940677966,0.5156308805790109
12.686387711864406,0.5115524728588661
12.70770656779661,0.5022303980699638
12.70770656779661,0.4964041013268998
12.70770656779661,0.49057780458383593
12.70770656779661,0.484751507840772
12.71197033898305,0.478925211097708
12.71197033898305,0.47309891435464413
12.71197033898305,0.4672726176115802
12.710549081920904,0.45989264173703254
12.716234110169491,0.4556200241254523
12.716234110169491,0.4497937273823884
12.720497881355932,0.4439674306393245
12.720497881355932,0.4381411338962605
12.720497881355932,0.4323148371531966
12.719076624293786,0.42493486127864893
12.724761652542373,0.4206622436670687
12.724761652542373,0.4148359469240048
12.729025423728814,0.4090096501809409
12.729025423728814,0.4031833534378769
12.729025423728814,0.39735705669481297
12.729025423728814,0.3915307599517491
12.747501765536722,0.38337394451145956
12.747501765536722,0.3775476477683956
12.747501765536722,0.3717213510253317
12.743948622881355,0.36560373944511454
12.757450564971752,0.35734981905910734
12.754608050847459,0.35001839565741855
12.750344279661018,0.3445319662243667
12.750344279661018,0.3388998793727382
12.754608050847459,0.33210253317249694
12.781611935028248,0.402794933655006
12.780190677966102,0.3956091676718938
12.780190677966102,0.3909481302774427
12.775926906779661,0.3857044632086851
12.775926906779661,0.37987816646562117
12.775926906779661,0.3720126658624849
12.803641419491527,0.4232840772014475
12.798667019774012,0.4152243667068757
12.798667019774012,0.41017490952955366
12.801509533898304,0.44163691194209886
12.801509533898304,0.43503377563329304
12.801509533898304,0.4305669481302774
12.825386652542374,0.40143546441495775
12.82709216101695,0.41134016887816643
12.83135593220339,0.39269601930036185
12.83135593220339,0.3868697225572979
12.83135593220339,0.381043425814234
12.829934675141242,0.3740518697225573
12.835619703389831,0.3682255729794933
12.839883474576272,0.3612340168878166
12.839883474576272,0.3554077201447527
12.839883474576272,0.34958142340168874
12.838462217514124,0.342589867310012
12.844147245762713,0.3367635705669481
12.848411016949154,0.3297720144752714
12.848411016949154,0.3239457177322074
12.848411016949154,0.31811942098914353
12.846989759887006,0.3115162846803377
12.856938559322034,0.3035536791314837
12.856938559322034,0.2977273823884197
12.863334216101695,0.29131845597104944
12.882521186440677,0.2830645355850422
12.873993644067797,0.2752961399276236
12.873993644067797,0.2694698431845597
12.873993644067797,0.26597406513872135
12.873993644067797,0.26218697225572973
12.873993644067797,0.2546127864897466
12.900997528248588,0.3200615199034982
12.89957627118644,0.31287575392038597
12.89957627118644,0.307049457177322
12.89957627118644,0.3018057901085645
12.8953125,0.29714475271411334
12.8953125,0.29131845597104944
12.90952507062147,0.35890349819059103
12.908103813559322,0.3513293124246079
12.908103813559322,0.345503015681544
12.908103813559322,0.33967671893848006
12.908103813559322,0.33414173703256933
12.903840042372881,0.3286067551266586
12.920895127118644,0.39793968636911936
12.916631355932203,0.3915307599517491
12.916631355932203,0.3857044632086851
12.916631355932203,0.37987816646562117
12.91805261299435,0.372692400482509
12.912367584745763,0.3682255729794933
12.937950211864408,0.41390373944511455
12.935107697740113,0.40726176115802165
12.937950211864408,0.40143546441495775
12.944041313559321,0.42682147165259343
12.94647775423729,0.42007961399276234
12.94647775423729,0.43959770808202653
12.94647775423729,0.43464535585042213
12.96353283898305,0.4125054282267792
12.96353283898305,0.40667913148371526
12.967796610169492,0.3991049457177322
12.967796610169492,0.39327864897466824
12.967796610169492,0.3874523522316043
12.967796610169492,0.3816260554885404
12.976324152542373,0.3728866103739445
12.976324152542373,0.36706031363088054
12.976324152542373,0.3612340168878166
12.976324152542373,0.3554077201447527
12.984851694915253,0.3466682750301568
12.984851694915253,0.34084197828709284
12.984851694915253,0.3350156815440289
12.991247351694916,0.32889806996381177
13.007876059322033,0.3204499396863691
13.001906779661017,0.31404101326899875
12.997643008474576,0.3076320868516284
13.028910663841808,0.3445319662243667
13.027489406779662,0.3373462002412545
13.02322563559322,0.3332677925211097
13.02322563559322,0.3274414957780458
13.037438206214688,0.3635645355850422
13.036016949152543,0.35686429433051864
13.031753177966102,0.3530772014475271
13.04596574858757,0.3771592279855247
13.040280720338984,0.3717213510253317
13.054493290960451,0.3857044632086851
13.074390889830507,0.3946769601930036
13.085760946327685,0.3981338962605549
13.104237288135593,0.38861761158021707
13.104237288135593,0.38308262967430634
13.114186087570621,0.37579975874547644
13.121292372881356,0.3651667671893848
13.12839865819209,0.3550193003618818
13.134083686440679,0.3507466827503015
13.136926200564972,0.3433667068757539
13.146875,0.3367635705669481
13.145453742937853,0.33054885404101325
13.156823799435028,0.32239203860072374
13.16535134180791,0.31306996381182145
13.172457627118643,0.3022427623642943
13.180985169491525,0.29175542822677925
13.190933968926554,0.2819963811821471
13.18809145480226,0.27442219541616397
13.198040254237288,0.26568275030156807
13.198040254237288,0.2598564535585042
13.196618997175142,0.2528648974668275
13.202304025423729,0.2470386007237635
13.20656779661017,0.2412123039806996
13.20656779661017,0.2353860072376357
13.205146539548023,0.2283944511459589
13.21083156779661,0.2237334137515078
13.215095338983051,0.2179071170084439
13.215095338983051,0.2120808202653799
13.215095338983051,0.206254523522316
13.219359110169492,0.19965138721351017
13.219359110169492,0.1946019300361881
13.223622881355933,0.1887756332931242
13.223622881355933,0.1829493365500603
13.223622881355933,0.1771230398069964
13.223622881355933,0.1712967430639324
13.227886652542374,0.1654704463208685
13.232150423728815,0.15906151990349815
13.232150423728815,0.15323522316043425
13.232150423728815,0.14740892641737025
13.230729166666666,0.14061158021712894
13.236414194915255,0.135173703256936
13.240677966101696,0.12876477683956566
13.239256709039548,0.12196743063932436
13.249205508474576,0.11536429433051865
13.24778425141243,0.10856694813027734
13.274179025423729,0.10246320868516279
13.259864936440678,0.0943896260554885
13.29326447740113,0.11245114595898664
13.310319562146892,0.1215790108564535
13.319557733050846,0.12541465621230397
13.343008474576271,0.11740349819059104
13.351536016949153,0.11186851628468031
13.360063559322034,0.10575090470446313
13.372854872881355,0.09963329312424607
13.389909957627118,0.09361278648974669
13.406965042372882,0.08739806996381183
13.411228813559323,0.08098914354644149
13.419756355932204,0.07166706875753914
13.42970515536723,0.06253920386007228
13.438232697740112,0.053411338962605526
13.446760240112994,0.046031363088057886
13.455287782485875,0.03826296743063928
13.47092161016949,0.03146562123039798
13.47092161016949,0.026513268998793693
13.500768008474576,0.020686972255729796
13.513559322033899,0.020395657418576518
13.534878177966101,0.02913510253317242
13.54909074858757,0.03651507840772017
13.577515889830508,0.04393389626055488
13.615889830508475,0.04326387213510252
13.640051200564972,0.037291917973461985
13.654263771186441,0.03117430639324481
13.671318855932203,0.021997889022919104
13.702018008474576,0.017016405307599514
13.722484110169493,0.023697225572979486
13.726747881355934,0.028552472858866085
13.735275423728813,0.03496139927623643
13.748066737288136,0.04297255729794924
13.765121822033898,0.05200331724969842
13.794968220338983,0.05520778045838359
13.816287076271188,0.0469053075995175
13.829078389830508,0.039622436670687544
13.836184675141244,0.032242460796139794
13.844712217514125,0.025250904704463117
13.853239759887007,0.01825934861278644
13.861767302259889,0.011656212303980618
13.875979872881356,0.00563570566948135
13.9015625,0.0007027744270204916
13.935672669491526,0.004470446320868571
13.96978283898305,0.008743063932448725
